Min,Max,Q1,Median,Q3,Mean,STD
483.8273525238037,515.5725479125977,495.3787326812744,499.9983310699463,504.7028064727783,500.00983984031,6.409227555154289
