Min,Max,Q1,Median,Q3,Mean,STD
500.3011226654053,531.5098762512207,508.62205028533936,515.6292915344238,519.5711851119995,514.4817795740122,6.67747912726322
