Min,Max,Q1,Median,Q3,Mean,STD
468.9803123,531.7249297999999,500.00023839999994,500.2554655,500.38951637499997,499.99903340186916,6.819208158411702
