Min,Max,Q1,Median,Q3,Mean,STD
125.854,515.106,484.0165,489.153,494.58525,486.0561429906542,34.32378644773278
