Min,Max,Q1,Median,Q3,Mean,STD
499.969,522.583,504.15,507.44599999999997,511.108,507.6783704396633,4.482624161568971
