Min,Max,Q1,Median,Q3,Mean,STD
481.995,519.043,495.27700000000004,500.0,504.70000000000005,500.01419176800744,6.688679307875559
