Min,Max,Q1,Median,Q3,Mean,STD
484.526,514.654,493.986,497.95,502.529,498.46760149672593,6.376631495737561
