Min,Max,Q1,Median,Q3,Mean,STD
402.344,616.2109999999999,495.239,500.11799999999994,504.761,500.0533822429906,15.545446090905843
