Min,Max,Q1,Median,Q3,Mean,STD
483.8273525238037,515.5725479125977,495.39005756378174,500.02288818359375,504.7072172164917,500.0120125098682,6.40475754908134
