Min,Max,Q1,Median,Q3,Mean,STD
500.0028610229492,531.3208103179932,515.6269073486328,515.6904458999634,515.6974792480469,515.647131347984,3.0744899029504276
