Min,Max,Q1,Median,Q3,Mean,STD
358.765,629.822,493.042,500.10699999999997,507.44599999999997,500.0230823199252,11.643967577281492
