Min,Max,Q1,Median,Q3,Mean,STD
500.0028610229492,531.3208103179932,515.6271457672119,515.6896114349365,515.6974792480469,515.6640359684059,3.0192406551155258
