Min,Max,Q1,Median,Q3,Mean,STD
500.3011226654053,531.5098762512207,508.6328983306885,515.6292915344238,519.6301937103271,514.4983018191759,6.671677379044964
