Min,Max,Q1,Median,Q3,Mean,STD
468.89599999999996,529.0859999999999,492.844,499.118,506.98600000000005,499.9965884003741,10.663299105510141
