Min,Max,Q1,Median,Q3,Mean,STD
480.85,516.01,490.153,495.57,500.54699999999997,496.5955650140318,7.968921706337298
