Min,Max,Q1,Median,Q3,Mean,STD
481.995,519.043,495.27700000000004,500.0,504.70000000000005,500.0160271281572,6.689132717713188
