Min,Max,Q1,Median,Q3,Mean,STD
484.526,514.654,493.991,497.9545,502.51875,498.4699728971963,6.37412029508506
