Min,Max,Q1,Median,Q3,Mean,STD
465.99,545.179,491.4095,499.7975,508.49775,500.10167500000006,13.058226298378862
