Min,Max,Q1,Median,Q3,Mean,STD
468.9803123,531.7249297999999,500.00023839999994,500.2563,500.389576,499.9995679915809,6.822377492789436
