Min,Max,Q1,Median,Q3,Mean,STD
500.061,852.356,504.94399999999996,509.583,514.8470000000001,510.6039794200187,12.319877897591402
