Min,Max,Q1,Median,Q3,Mean,STD
468.89599999999996,529.0859999999999,492.8505,499.13199999999995,506.98350000000005,500.00288878504676,10.660302746679214
