Min,Max,Q1,Median,Q3,Mean,STD
480.85,516.01,490.15325,495.58299999999997,500.53549999999996,496.5947336448598,7.965239979783202
