Min,Max,Q1,Median,Q3,Mean,STD
192.749023,503.27301,491.27197299999995,494.506836,497.329712,490.459344993144,30.402554531539344
