Min,Max,Q1,Median,Q3,Mean,STD
0.4838273525238037,0.5155725479125977,0.49539005756378174,0.5000228881835938,0.5047072172164917,0.5000120125098682,0.006404757549081343
